{
  "project_info": {
    "project_number": "958241647382",
    "project_id": "projetoemaula-b88c5",
    "storage_bucket": "projetoemaula-b88c5.firebasestorage.app"
  },
  "client": [
    {
      "client_info": {
        "mobilesdk_app_id": "1:958241647382:android:3c23fa9eb930d9c2c83e37",
        "android_client_info": {
          "package_name": "br.edu.puc.xixicoco"
        }
      },
      "oauth_client": [],
      "api_key": [
        {
          "current_key": "AIzaSyDADpM0gD8lf1I8FWIdwPTQSWhL4S-q_I4"
        }
      ],
      "services": {
        "appinvite_service": {
          "other_platform_oauth_client": []
        }
      }
    }
  ],
  "configuration_version": "1"
}